id,fname,lname,phone,email,specialisation
c861b195-55ef-417a-8591-665256359a88,Karen,Rose,+1-249-788-9408x42664,stevensanders@example.net,Ski
dbdd7952-f95a-420f-8aeb-374812b33f7a,Edward,Anderson,6534155903,pruittrobert@example.com,Ski
4f696196-6de7-4677-86d0-b4e3c914e27a,John,Savage,+1-888-917-5526x686,benjaminrobinson@example.org,Ski
9b23c50d-7e0c-4ad8-8a40-f1535d3fe749,Taylor,Mcgee,920-412-3712x30022,christopher59@example.org,Showboard
f566bf78-fc0f-485a-8647-eed9914f06ed,Judy,Martin,+1-969-994-4021x976,jenkinswhitney@example.com,Ski
7b0a7d8a-b12b-436f-bec6-79aa698d0390,Sarah,Peterson,862-793-9621x76557,tduffy@example.org,Showboard
a101b25e-b344-4944-af25-41f545c55e34,Linda,Bennett,001-775-432-1696,cynthiawilson@example.com,Showboard
08333443-c36f-4aa6-9700-d2ff19543284,Gail,Lewis,981.343.5515,stephanie42@example.com,Ski
09981b4c-42fa-405a-a524-88010d57e745,Dale,Bell,6669409251,melissa97@example.net,Ski
496e44ae-e1bd-43a0-9663-f24a26ef8985,Julia,Cowan,+1-406-450-8624x453,ulambert@example.net,Ski
17f2dca3-64ac-4ad8-8f16-7793214e39ca,Richard,Ponce,791.733.7591,hessclayton@example.org,Ski
99fd52de-506d-490c-bd6f-98d6333ab428,Ronald,Reynolds,(351)323-4817x502,charles02@example.org,Ski
295a050d-caa5-4136-a790-e45c1899d549,Sarah,Richardson,7939668357,jessica63@example.com,Showboard
aa70f459-113f-49a8-b205-3795fcef64d3,Edwin,Cantu,3796783090,richard57@example.org,Ski
46c86055-acc1-47f5-b671-f81bdca2dc7d,Diane,Campbell,+1-559-799-4383x4830,utorres@example.org,Ski
4dfb5a04-659f-4fdd-acb3-6edd9b96a0b7,Amanda,Hunter,+1-295-464-1147x1718,hensleymelinda@example.org,Ski
49146e28-efae-4075-a829-100536b2a7d4,Cheyenne,Anderson,+1-671-986-2689,smithkimberly@example.org,Showboard
3a9e6226-9dad-4aad-b544-1df2216c6f6f,Madison,Perez,482-493-8962x77575,pschwartz@example.org,Showboard
02e1a75b-5b3f-46f5-9c6d-07601b5bdb44,Kenneth,Ray,437.224.4628,ptorres@example.org,Ski
c3c965b9-9e7d-4888-be6c-ab3e1735ae04,Kelly,Richards,821.504.9423x535,joshua92@example.org,Showboard
b8fec7c6-48e0-4657-8dad-1f77c46ab5ea,Ryan,Schneider,294.938.3392,joneselizabeth@example.org,Ski
47fb5ad7-e8c8-4fe8-ac77-e1dfb54a64ba,Scott,Henderson,(986)609-6649x6351,ochoaashley@example.com,Ski
9d531af4-7fd0-4aba-adc9-79ec7e53ba96,Richard,Smith,396.576.2170,kbruce@example.org,Showboard
c4209bd7-2793-4be2-bb5f-5fe5d6b885dd,Zachary,Russell,001-709-865-2477x609,kaitlyn00@example.com,Ski
82eb22d1-52cc-4cfe-9cf9-096041674f42,Jacqueline,Mcpherson,844-318-5437,steve40@example.net,Ski
77c7dcf6-710b-4241-bb24-04f3eccf9a00,Margaret,Holder,344-216-4223x8792,charlesjimenez@example.org,Ski
725a9055-771c-4e63-97fd-c5ab9ab2102c,Scott,Acevedo,642-795-9887x01640,thomasmitchell@example.net,Ski
ef5448cf-df22-4977-b09d-e4137f4dd976,Victoria,Bailey,(837)233-2154x90308,gstevenson@example.com,Ski
6b2934bc-85c8-4762-83d8-3cb74f0174af,Logan,Wagner,001-968-603-5500x173,pcline@example.org,Ski
a79afe6d-7a75-4462-af12-49ef2a166ccb,Dennis,Andersen,5666761401,wisejared@example.org,Ski
f749d898-dd79-48e1-9a3c-b806b5c66d90,James,Roberts,237.422.8565x2545,hroberson@example.org,Ski
f5940ce4-336b-4dbc-8429-b63cb1e30bd4,Alyssa,Hudson,(952)823-7586x391,krussell@example.org,Showboard
5fac72a9-6592-459e-abf4-e0d657722b58,Erika,Dixon,001-663-224-1462,snyderbrittany@example.com,Ski
f2300527-b039-4728-9022-cf03b9e0b03d,Priscilla,Turner,+1-955-929-5134x03653,joseph40@example.org,Ski
fba6aac8-30db-4e72-b7e6-51fbd8c60c23,Erin,Patrick,001-395-796-8408x8130,austinamber@example.com,Ski
389aee19-449e-487e-ade0-495915698a70,Crystal,Lowe,+1-881-652-3127x112,kevinelliott@example.org,Ski
21048eca-562a-4722-99bb-80b135c6ca51,Anthony,Espinoza,+1-815-567-7347x98200,brucescott@example.org,Ski
09e4b4e2-48fe-47cc-b3a6-4b5e3fb61198,Todd,Khan,001-660-387-3065x6668,rwalton@example.net,Ski
2b876b92-0a1c-463b-9ebb-d0c48ae7ed39,Jeffrey,Gould,670-785-6227x6007,harpersherri@example.net,Showboard
cb664c3a-235c-4090-a1eb-f7b49f03a13a,Donald,Cabrera,+1-741-688-9347x2406,jamesrodgers@example.org,Showboard
9daecd8b-5d69-4e4e-8bc5-a5af338cbf08,Lawrence,Mathews,001-440-374-6370x00227,denise89@example.org,Showboard
c9a1e0b5-87c5-41d4-825b-89b0d9602c2f,Catherine,Ruiz,001-330-529-5541,krystaldavis@example.org,Showboard
6538b4df-5d71-453b-984d-d110cc70c9f8,Jack,Clark,642-686-3288,bjackson@example.org,Ski
346c2afe-14f4-4d33-9b98-728a5fa07173,James,Webb,001-217-390-8744,whooper@example.org,Ski
3533fced-f326-4f4a-9d74-44980012a00b,William,Chen,001-762-354-3222x725,rachael45@example.org,Showboard
92895f7b-096b-4602-82d2-524cf651ad8c,Lauren,Nelson,929.764.8859,denisedavis@example.com,Showboard
3c50fc79-f8ba-4358-ad06-6d77a9a571ed,Melissa,Lee,(685)218-3532x337,ashleemiller@example.org,Showboard
4825f327-ca6d-4b53-94e9-605110d9416b,Erin,Morse,(445)725-2769x76898,sandovalerin@example.com,Ski
152bd284-e99f-4f07-91d3-518f82c15bed,Marvin,Thornton,663.579.6355x1990,kingkimberly@example.com,Ski
422419e6-2056-41c2-866b-03a44ed37192,Linda,Wood,630-475-8530x61956,kennethrich@example.org,Showboard
60c66238-da6b-40f7-b8eb-cbbb6dc56bf1,Samantha,Durham,481-606-4109,uclay@example.net,Ski
c0661286-81bf-48c7-90e4-b8eb3a857e97,Holly,Hurley,669-917-0291x75428,erinstephens@example.org,Showboard
8af76a36-a7fd-4fb8-8641-9053922f5c2f,Kimberly,Martin,+1-895-320-3887x055,bruce61@example.net,Showboard
7577deec-fc31-4f1b-b8a5-d858dbde5818,Michelle,Hanson,333.601.9797x029,xcollins@example.net,Showboard
813c7854-46a9-4250-80af-d97710ce9808,John,May,636.234.0720x95587,lawrencetamara@example.net,Showboard
b5979172-4416-49c6-8c95-b36c767cb701,William,Nolan,880.542.6965x106,tstokes@example.net,Ski
5c86b6bd-2c3f-4deb-abef-bc7f48ba9397,Jamie,Ochoa,(933)858-0375x19966,sandovalcarla@example.org,Showboard
baa6c2f7-1acf-479f-af7c-179e7326618b,Steven,Chavez,(661)486-6113,callahanscott@example.com,Ski
75504ba3-2e5d-40b1-82d0-7e86fc3e8436,Katherine,Marshall,(304)334-6185x48124,christopherlopez@example.com,Ski
7887679e-1cf6-4d6c-831c-38b1502cb4f5,Barry,Higgins,451-439-3469,brownchad@example.org,Showboard
08952a2c-cedb-4c71-bae3-a42d6932b84c,April,Lewis,(321)615-3228,nicolegonzalez@example.com,Showboard
080c4087-ec55-4361-bf46-0203cc4737cd,Michael,Solis,693-643-2718x63354,barrettchristina@example.com,Ski
2674a21e-65bf-4322-aa23-9d902bc06b85,Peter,Graham,(520)780-7009x8885,cmaldonado@example.net,Ski
03960baa-b66f-44b8-ac53-4ca76e0d1e1d,Lisa,Ford,863.800.3752x18189,martinezsarah@example.com,Ski
b8156d9f-fe90-496a-b60a-43066d7e20e0,Nathaniel,Stevens,001-724-502-7473,penalisa@example.org,Showboard
688388db-fe61-4d52-bb06-8298ebba7adc,Ryan,Green,+1-552-532-7839,nataliebrown@example.net,Showboard
35e9447c-784f-4571-a0a8-dda06ea6da69,Carrie,Smith,001-370-855-3363x554,abrown@example.com,Showboard
adeef17f-ddb7-4a37-9593-1ce0bc4c36de,Stacy,Murray,996.983.8636x076,woodsevelyn@example.net,Showboard
fa8e23ec-0058-4ac8-b62f-b76fb0c8fa48,Brenda,Bauer,948.242.9249,brendamartin@example.org,Showboard
78324c82-99c0-4f26-8557-6ee87d258f06,David,Garcia,(257)516-3950x891,stephanie94@example.org,Ski
d85eed54-d472-4b30-8ff8-45d243a6177f,Danielle,Gordon,+1-742-904-1422x47902,robinreynolds@example.org,Ski
4c151707-1301-4f14-a115-4de5ac02f0a2,Deborah,Williams,507-657-2365,edwardsmary@example.org,Ski
a2e5c7c4-2a30-4ffb-b155-4d43a3011356,Joseph,Stewart,001-424-661-1379,samuel60@example.net,Showboard
201c328f-1cc4-4569-ae1e-4b7f044441ae,Jose,Mcbride,+1-917-704-7106x77138,luis65@example.com,Ski
dd6882ea-fa74-4a3b-9e6a-48a788978b1d,Barbara,Sparks,(362)861-5811x35523,myersamanda@example.org,Ski
373e4121-fa20-4d7f-808d-85fa1e9a1224,Erika,Holder,+1-843-736-7462x641,cody18@example.net,Ski
6deda3f5-fc4d-443c-b882-0e1b1c7a63f6,Andrew,Jensen,346-788-5545,michael69@example.net,Ski
1d44c1d8-e0b8-4e09-8739-a437cc53af66,Angela,Acosta,3594803156,mccoykyle@example.net,Ski
a572c5f1-dbc2-41cd-9b6a-2fa6409bb9d4,Michael,Williams,561-591-3772,igonzalez@example.com,Showboard
813fb761-8b9b-4da6-8e57-2f54ea789905,Jeremy,Garcia,(557)887-1218x1446,jwade@example.org,Ski
6f91464f-e517-479e-9b95-b73fbba26a05,Laura,Gomez,516.456.9930,thomasamanda@example.net,Ski
d04c04cc-fb1f-4571-8139-f3814bb4dd15,John,Eaton,+1-983-835-4872,ehoward@example.org,Showboard
1a51f6f4-a3ec-447d-b47b-afa648a6cb63,Anna,Wells,001-309-204-6856,vlam@example.net,Ski
ca00fdc5-cac0-43c6-ad53-55a09aa42054,Jennifer,Miller,719.641.7050x33012,sarahreeves@example.net,Showboard
59452e59-5d68-45cb-9695-e303d4213ea5,Rebecca,Johnson,980-804-4537x5102,vle@example.org,Ski
212e5a48-aa98-4a8c-beb5-86aa6628eebc,Dominique,Hernandez,4107170416,crodriguez@example.com,Ski
97f0c238-b4db-4d72-902d-f987a11f5b6f,Christina,Flowers,698-270-4764x72825,jamesmeyer@example.com,Showboard
d18f9fc8-2899-46d8-8206-71cd0036b2a5,Sarah,Franklin,6114724041,haynesdaniel@example.net,Showboard
c963db7a-e330-4c79-b888-c220d49aa389,Kevin,Watson,272.459.9670,rodney63@example.net,Ski
eae92b44-91f5-4219-95f9-47512cf7c100,Nathaniel,Harper,(408)478-4358x372,walkerdaniel@example.com,Ski
e352f089-5376-4fc1-a85a-51abd6b5a8df,Catherine,Williams,751.503.2591,jacobruiz@example.com,Showboard
14620578-2048-4fc6-ab95-f1755fbbc767,Thomas,Jenkins,+1-855-798-7978x3908,scottmichael@example.net,Showboard
13a7a97f-0baa-48bb-9b80-7bca2d36fa87,Chelsea,Gillespie,209-661-1874x6415,marquezmichael@example.net,Showboard
5378d489-a101-4fd9-8282-1abaed36be9f,Daniel,Clay,+1-445-358-7049x8619,dmeyers@example.com,Showboard
042859a0-a814-4f3d-9f57-03542b2af016,Daniel,Lin,(852)419-0612,joshua87@example.net,Showboard
630e0be0-ab50-4024-bbad-8146d270a3d5,Anthony,Johnson,+1-235-317-1937x960,nporter@example.org,Showboard
fcfb61aa-58a5-4270-bcb6-666d4a5ef7ea,David,Delgado,319-364-6683,candiceblackburn@example.net,Showboard
98b3cc7a-ce7e-46c2-8ff0-99a42cb5c903,Luis,Schmidt,001-944-361-6262x5196,mthompson@example.com,Ski
a387fe87-7a4a-4b20-9c98-78483611ddda,Jonathan,Garner,+1-717-381-0048x9976,cchen@example.com,Ski
0bb28374-c3e3-4b4c-9b83-05349996ce18,Anne,Byrd,+1-995-305-2895x476,ilee@example.net,Showboard
