id,type,price_per_night,description
0c2b5b39-ef92-4687-a64f-e9618097c732,Standard,60,Authority administration development great property.
e7364b64-25a0-4c37-ab44-9edadbf8a8ac,Standard,60,Last section task amount yeah bring. Almost sound democratic sometimes. View car care person population. Soldier from data same senior idea campaign part.
bcbca689-5cf7-46f1-8c3a-13be937d5b09,Standard,60,Work onto determine whether base. True young itself owner.
e20acceb-ca0f-4000-8f0f-3cf9c7feb689,Standard,60,Pick option voice protect. Decision coach reason alone clearly. Local give contain point.
e20cb35a-eac5-491d-9b79-0be93eab91ab,Standard,60,Far some change property better. Me produce laugh give year candidate bill eat. School different woman forward arm set employee believe.
9641e44b-2950-4c8f-b48f-62d506cc9975,Standard,60,Lay president someone play choice. Role visit someone detail husband.
a53a5e4b-8741-4906-a9ed-2f74fa74cb51,Standard,60,Knowledge garden class would board unit history. It direction drive former western thousand poor.
9dfcc545-dde5-4c02-91e2-d3948ab416f9,Standard,60,Pull player worker far. Study baby find player fill especially actually.
00f0d1ea-6374-43b8-8070-392f3bff3df2,Standard,60,Worker entire partner step memory phone. School leg focus difference speak.
7c551e86-8f61-45bb-954e-d2bcaebedd4e,Standard,60,She arm southern still discover. Democrat technology traditional.
2456d433-9c25-4dab-9b08-3968466fd1c0,Standard,60,Learn art this. After prevent already anyone. Style say take certain agency. Company fall whose eight.
4b74ab7a-40ec-4afe-83ed-c7360891fad7,Standard,60,Author early reality bag enter skill. Side us later teacher attorney here. Stage when account protect. The accept author his.
1afbcb22-660b-47bf-90c4-631bda5631b7,Standard,60,Republican in go door environmental. Body until very age low story really. Point think candidate for. Rich heart peace compare Congress.
75447a44-5038-4868-81e4-b9f91ca7a594,Standard,60,Kind among city argue recent plant.
b5ce9415-05c2-4ca2-a8e0-cd6ece363076,Standard,60,Money interesting move table experience study teach few.
80b68000-2a81-49e0-8fea-ae9148001a5e,Standard,60,Commercial sister job most. Else along without law. Thank others some every.
566c0fec-55d2-4f28-83b8-ffd4c1e2d48a,Standard,60,Goal performance good help. Later free why week single energy.
96fd13fd-8d4e-4049-8996-289a318ae846,Standard,60,Decision model matter billion subject world.
727f879f-a045-48f8-b2eb-13adedd4aacf,Standard,60,All nation can available significant usually shoulder should. Theory nation better.
586ab8f6-3551-462c-b299-4f97bfdca56b,Standard,60,Myself report toward his argue almost. Loss campaign tonight attack agree. Land knowledge until fund.
263efd11-cace-4757-b9a1-f6643ee956c7,Standard,60,Officer onto democratic single suffer form decide. Focus professional institution. Forget down customer analysis home. Close nature collection three scene above issue.
cdaa420c-0511-474a-92dd-79c4870c6c25,Standard,60,Field develop environmental ever. Idea however then make anything. Yard account want each back mind.
22d775f8-c167-4ae5-b4d2-5da771f6de81,Standard,60,Prevent seat grow perhaps arrive one once. Notice grow mean campaign teach deep occur.
a18ed320-efb9-4623-b3fd-2e4e06040c7e,Standard,60,Whole account yard career economic friend. Writer call a section just recently receive. Law TV hard later spend nearly.
f0ff6c5f-379a-45b2-9211-bea7631486b0,Standard,60,Almost add just natural matter election. There newspaper ten.
c6d68caf-0130-41e6-94e7-212e86d9d2b0,Standard,60,Per sea star kid determine reality. Stay board beyond local responsibility use behavior just. World against kind community free.
9b725da0-0a87-4c0d-ae25-e0c9ba33b290,Standard,60,Plant account Mrs maintain. Worry their time last. Any fine senior let top camera.
74fd0772-cc42-496d-a78a-ccb23425012f,Standard,60,Run expect east. Strong he wonder when want hour tough. Admit rather idea with organization tonight.
71b91b7d-e399-4b67-9489-1653797fa50a,Standard,60,As citizen bar reflect alone father sea left. Western country travel effect. Role age letter against edge finally after.
d71b1a75-d9cb-4727-8391-5f63302d0600,Standard,60,Leave push increase conference audience. Another drug central grow war maintain cut position.
b7caf693-fbfc-4147-9324-4943910c1e44,Standard,60,Gas produce produce more while security. Suddenly imagine off her. Surface same pass many involve.
6e9c6954-b65d-4fd1-901f-90619646a332,Standard,60,Blue leg out me result allow agreement physical. Imagine region important ready choice cold. Create nation suddenly strong organization.
34d6a8db-a63a-4d5c-98a1-8c2d846ac08d,Standard,60,Part raise eight I any group. Present personal international explain. Follow system somebody direction throw.
c68da94a-68ce-4923-9154-eadb2b5afc8e,Standard,60,Along left word single positive reality. Community drive process about right soon. Level red home chair explain among.
c761e01c-418c-45da-8bd2-2a1a4d501e10,Standard,60,Foot live our feeling. Effort life heart its blue oil human. Source we town international situation again source include.
5180ee31-f837-4195-adba-baf220f9bc0e,Standard,60,Game day yet meeting situation. Car manager memory term top rate represent. Plant tonight road student.
e2b35b98-4299-4f9d-b622-6f67d498772c,Standard,60,Sure represent contain process sing. Great occur order debate break. Challenge age instead news method.
5accda62-ef48-49e0-a769-68a0958d8e2f,Standard,60,Amount official trouble professor decision beyond.
35666516-9e14-4507-8088-5d1de978372d,Standard,60,Toward instead end campaign sense. Its never choose. Join loss parent goal authority later. Be its strategy happy choice.
ae8c919a-27cc-415a-9501-497807033dba,Standard,60,Hotel learn sometimes itself recent base finish. Prevent oil finish event alone education identify may.
94a7935a-cc37-4072-a8b0-12444823f759,Standard,60,Well among letter guy let. Site base half. Important letter on responsibility three concern too nothing.
62fa4816-9c16-49e9-9707-96f4ef769d4f,Standard,60,Other front else investment ever industry.
82ef938d-d759-428f-ad50-f916666c6f3a,Standard,60,Writer majority thus paper student far fight whom. Gas center item various yes continue.
862ee0ed-96a9-4998-b2d9-42550ef0b57c,Standard,60,Move energy easy already young scientist. Town rather executive box. Hard happy forward candidate politics share east film.
ad4ff2fb-ac1b-4222-9305-9373059cbfba,Standard,60,Visit answer nor investment relate from. Production deal lay them smile. Win available sure interest open glass.
ff9cd639-6da0-44eb-a6d8-7a4aeab60c40,Standard,60,Between bed feeling heart. Someone themselves later study. Middle action me return majority.
4ed60a4a-a496-4156-a811-f3abc2bd9a42,Standard,60,Raise often single watch base Mrs. Although firm threat smile visit. Those present daughter trade.
6f13364e-274a-4d50-9bb1-1ecc6172dc05,Standard,60,Couple letter poor child. Water maybe instead these site lead their.
d8f6ceee-89c0-4d4e-ac95-99eb78285663,Standard,60,Happy wonder oil low nearly. Other hotel your audience improve fund. Movie couple note list.
cddca97c-2057-4bb6-8c24-107dc689ce85,Standard,60,Condition ten senior suddenly single. Gun than nothing some nearly director nor. She let country attention before travel I once.
21eadbf9-ab7b-40c0-9d1b-684640e91a94,Standard,60,Create culture security figure past fine. Car spend knowledge real indicate. Recent enough personal raise film.
769600a2-d8e0-46bd-b9d8-c75225dafb6a,Standard,60,Before light computer adult. Word young road article.
2cd77d70-afe2-44e9-a3c0-e55249c10b3c,Standard,60,Least create challenge or often could have. Event age wide against success. To ok at poor away you ten.
c044a1eb-d74d-4cd2-ae2e-ddacdeb4bb39,Standard,60,Health no hard remember. Choose let attack song production. Rate look better add tax husband itself.
e238947c-1e6b-4a59-b409-7a6f5882e9ba,Standard,60,National central record. Game sure drop important choose happy program. Sure already feeling central really process just station.
1d9fb010-59c1-4031-ba72-12c5cd650836,Standard,60,Simply feel back carry student. Response seat country six reflect.
5e0a63b3-1fe9-4947-8aee-d4dc5a5ddd8b,Standard,60,Together east seek. Family avoid huge. Example choose maintain service create agency.
4f6a36fa-4cb1-4bc8-87dc-7cd8458fb400,Standard,60,Glass scientist season decide lawyer sound account. True field day song within matter improve. Director garden money agreement example gun. Read over situation require week treatment.
d36450ab-9cc5-4ec6-a56d-1bcf73e1f735,Standard,60,Event reveal individual. Success sort have network investment interview eat.
a0bdf527-2075-4c6a-a274-86036c38e952,Standard,60,Painting different recently decade technology.
30d4b365-f7ba-4f07-a6fd-3796fd267f2b,Standard,60,Dinner son travel. Purpose successful draw they practice character war. Store culture activity.
9d9f46ce-8ae6-46bf-a111-cb352fcd0f8b,Standard,60,Success story end new arrive.
421476ca-5d38-4a3c-ab69-e310d8d15eca,Standard,60,Between grow support reveal player during where. Particularly responsibility remain response.
f4fb927a-b969-41fc-92d1-ae971c5d3f30,Standard,60,Free risk skill open often. Early strong current executive similar generation show.
3154231f-c9ce-4e01-b7d7-eda727888a55,Standard,60,Wrong step standard national leave red true. No expect research follow send themselves alone.
51405256-7d65-49fa-a044-c41b0a759540,Standard,60,A truth lay beautiful. Although activity or prevent. Yeah behavior seat heavy. Continue civil whatever participant teacher laugh.
783061ea-1cc9-430e-a59f-f5a6ded523c6,Standard,60,Dark level firm enter I drive. Home high arm government whatever management. Dark then the suddenly fact police tax wonder.
2fd6e70f-2098-492a-967b-3e1c0c0927aa,Standard,60,Language team there raise method necessary deal. Adult clearly and owner human help.
e774d977-c95f-4da8-9e15-f1a8a175926d,Standard,60,Raise box central full behavior.
1e169fe1-b70a-458c-bb8f-9709548ed4a3,Standard,60,Late remain go baby huge grow cover. New city religious hundred.
ee7fea74-218b-45d8-83b4-b81477168631,Standard,60,Tax head nor themselves past. List gas tree fish no economic.
acc8f77a-734e-4915-84d9-c36f6f3df963,Standard,60,Set pull child her budget administration bad. Technology seat by blood fall.
6195e69e-d859-4b1f-962e-7c579e23d2a1,Standard,60,Stop discussion raise free. Cell change almost computer.
9ee05a40-a216-4238-8c85-5ae3d35e5311,Standard,60,Federal project community language reduce. A expert pull whether.
8365b667-8d3f-4497-9bca-1a0c3215aebc,Standard,60,Culture her maybe analysis home color sport. Start window second recent leg.
29dc99f5-70d8-4471-8c7c-3f768c686903,Standard,60,Charge modern common. Range get seat whether education reflect.
9f8f3e7e-564b-413d-a057-5a33df223f68,Standard,60,Officer appear different get current. In nice seven more senior owner bad.
cdfbe286-e23e-416b-95d0-88087dc36bc6,Standard,60,Firm popular themselves church property born.
2dc88df1-90eb-4243-9efa-e54d5a1d3c2b,Standard,60,About ok treatment quality create government off. Candidate usually point challenge either goal follow maybe. Day knowledge sell determine.
13130750-4cb7-4a62-a5f5-be6c8681264a,Standard,60,Enter candidate TV whatever resource continue. Plant ready hotel year give college after.
9e100aa3-ca70-42bb-81da-07f449a5e283,Standard,60,Hit without main particularly senior pick everyone.
d294e935-70ff-430f-a960-5326d7be1389,Standard,60,Happen article single conference very defense institution social.
2422eaed-ec48-4c3e-bbe4-1eb513473996,Standard,60,Fill person sing central college. Heavy successful play check according house late.
1dcc2f39-f297-4e20-acf5-dbcedc2fc9de,Standard,60,Those his soon. Rise stand thought likely. Room big early catch will personal.
4b03a9b8-33dc-4f45-a3f1-bd7a083cfd17,Standard,60,Beyond community religious. Today fish pattern administration instead spend.
66501423-85ed-48b0-a0d7-40981195a008,Standard,60,History image not on million. While four include site myself want. Order deal order letter develop.
d6ef2b7e-c857-4b83-b0f2-f11dc5b22a4d,Standard,60,Couple top relationship other represent bar drop let. If phone black least explain end especially Mr. Contain early bit case moment century you.
f77165f1-9f2a-45eb-910c-06f82cf0d8ce,Standard,60,Door player clear writer southern lead often. Ever civil indeed painting ok coach beat.
a9508eaa-84e4-4db2-abfd-9805e647aff5,Standard,60,But ground effort majority town change identify build. Recognize beautiful per leg condition. Spend exactly great hot strategy ask.
5497caca-e164-40ec-bac7-7ece81109000,Standard,60,Where wish its girl something fear. Respond detail event attention standard minute.
abb36909-d7f0-4b8a-9f71-8d85e89bd86e,Standard,60,Choice upon always others PM memory. School physical rise operation rather night series.
dac9ee74-b483-4bcc-8b16-d24d8b86a653,Standard,60,Dream yeah begin tonight us teacher. Include member listen true. These test it.
a57357f2-9617-4e3c-8f64-d73408c19295,Standard,60,Exist serious must any PM while. Sing management light physical open task. Majority stage watch.
7438b963-1f14-4232-a915-bfe830827751,Standard,60,Its always partner first person. Effort husband ever effect.
ecc390e0-6a50-470e-be24-14c7ef44dc32,Standard,60,Hand environmental economy thousand resource. Both floor condition let concern office.
b80d2518-22fe-45fa-aac8-36f339be33f0,Standard,60,Dinner computer actually market level allow.
c7bcdade-ff06-4957-80fa-29ca6298915e,Standard,60,Company third school right bring. Article sound however information girl. Common fish play. Character career clearly write.
fb560ec0-d2e7-44a1-b9be-d0d6dd61c236,Standard,60,Baby could our talk. Score authority challenge debate hand admit forward. Group across between investment last edge office.
260c3ff6-8262-47ed-b867-7d8e9c1eec07,Standard,60,Strategy do often south everyone plan herself. Think care son set body.
2d219ee9-c11e-46d5-9710-54ef27245118,Standard,60,Month carry born police do bad. Vote feeling almost word.
05e9a52d-3761-4022-a4cf-0bd4d6fe071d,Standard,60,Tonight require chance special anyone understand. Another brother every he win including coach. Situation administration piece father ground apply my.
9ca5efb7-6cc3-418d-a724-e1fe30651faf,Standard,60,Pattern improve simply throughout training play us charge. Movement hospital stop hundred woman fine thus.
9111c812-9043-4c4c-a4dc-3c01a0e98c1e,Standard,60,Only though several support understand site well. Suffer star single game while sell take.
dd5619d3-8e82-40c5-8235-04177a7f1a8a,Standard,60,In population watch realize capital make. Page television edge person take.
4165e70b-8af7-4dd1-9dde-ff651f103c5e,Standard,60,Loss begin none then industry marriage magazine. Kitchen religious car accept board water. Mission design power yourself.
b69790ba-b7d5-41d6-ae2d-f4165388f1e0,Standard,60,Hold vote rise book type character a.
a58a6de0-c82c-45fb-904d-608e8ec99ba5,Standard,60,Again expect action rich wish economic behavior. Risk power loss door discuss.
c373190b-e544-4c87-8089-803335bb6ca6,Standard,60,Again manager everyone despite also. Assume federal black trial address.
4c1a8600-17f0-4653-985a-03d2655c0380,Standard,60,Us those away candidate until weight. Trial step concern coach.
93913e59-0680-40fd-8047-294964f6e7fc,Standard,60,Consider dream he as. Animal figure accept reason happy rock.
e0c9f699-fbe8-494f-8b3d-37d14ab110a9,Standard,60,Serve ahead family center. Research room everything full think.
aaf15b72-fac0-4b10-b658-9e0ccd2fd8dd,Standard,60,Garden hair thought buy. Drive least game happen half wind rock note.
355619df-63cc-45ad-bd2b-4d1d0b5ec0b5,Standard,60,Soon miss treatment mother. Simple manager individual level.
199ffb51-7c2f-4a2d-aa5b-a590a021d715,Standard,60,Better offer yourself unit institution discuss stay boy. Stock PM feeling.
c1a233d8-fb1b-4a16-afc5-d32cea9bd761,Standard,60,Strategy respond entire size real history. Campaign phone ago international charge. Fill animal woman rest.
30d2fc85-6a7b-44d8-8571-5604270888ea,Standard,60,Report treat tend trade. Determine unit nearly. Tv someone they prevent plan pass among.
ebac01fd-5c37-4b00-a4aa-ea8cc4b9b6e6,Standard,60,Analysis left value not. Dinner bit prevent knowledge also condition cup. Office major store quality central little smile.
761dbe56-65bb-46c4-97b7-716f0ad674dd,Standard,60,Here lot surface the agency. Remember moment student support. But executive ready section those I blood.
6ce8d81b-598d-414b-80c8-4be327de984e,Standard,60,Quite special candidate product Democrat moment give. Drug civil line song democratic. Rather role need against war see decision direction.
3334c14f-c445-4f27-898a-5d1292d93040,Standard,60,Walk image instead model financial million. Another century risk never become.
445d1101-8a90-4fd7-9b40-f314022696b3,Standard,60,Reflect institution building reason weight travel. Environment break city maybe.
fd15303a-f89c-414a-a63b-15b5f44e723b,Standard,60,Take food care single teach Republican human. Tax require marriage worker student away.
9d4c031f-bfd5-4dce-9e7a-1dc6e300a35f,Standard,60,Station paper together service kitchen. Improve strong week heavy crime remember. International company during country.
790cfa9f-c971-4792-b4e2-7fc0ea969c7e,Standard,60,Already policy interview live number blood young marriage. Book social rich choose ask president direction. Case employee if painting there thousand. Cover detail before its wind suffer.
9911c0a1-6338-431e-998e-cd5a79d03239,Standard,60,Detail my market discuss project different above. Project music fly myself door so. Political decade help speak rise sell. Nation recent thus.
008240ff-da5f-45a3-bf64-d2db41440d3a,Standard,60,Safe focus film sign herself husband. Address every responsibility top it sign. Generation break push represent benefit. Thing news save yes either agent.
3de8382a-8b75-4fe4-b5ee-9d6975244bdf,Standard,60,Mean show next. Result coach south account art reach race. Likely huge hard perhaps letter lay begin.
25319d35-1abc-4d11-9c8c-2aa36137d55e,Standard,60,Eight stop wish everybody language. Artist customer other heart sometimes. Left if person media campaign here sit.
ba7e9418-2afe-4a57-a0ec-95b946ff6360,Standard,60,Foot himself billion officer people meet. Fire reason bank husband money less. Traditional service carry fact main respond should.
2b4d6e16-7ddf-4eeb-96c5-20899308aed5,Standard,60,Deep foot make dinner travel husband difference scene. Religious hard she impact one the. Red position natural kitchen. Success pretty project once consider work.
8aeb8cd5-c356-4205-84ea-8ce38dd86507,Standard,60,Toward sure life effect. Personal south for talk sport Congress will. Sell success miss movie daughter manager run fund.
030f549f-998b-4b98-a207-ca572da05a22,Standard,60,Measure him part whether carry position still way. Artist national improve claim.
493c65dd-cd27-4e39-b6c1-91bbcb0893d5,Standard,60,Road save discuss guy season but worry. There trial compare lead rate by.
66922765-5805-4b7b-ab0d-be1febe89f9d,Standard,60,Various bed best interesting during someone president perhaps. Who again answer western. Thing country thousand position.
2bab4c81-ee54-464b-822e-14a57e176866,Standard,60,Sign civil property any build measure serious. Human loss single main similar.
0f976cd9-c0f1-4fee-97a5-e1c2dd104952,Standard,60,Usually million society for gas receive talk power. Receive say church up test democratic. Key floor home according.
601396f5-8f1c-4e8a-addf-ab7a07698346,Standard,60,Defense itself wrong middle test thank. Past office work large official level race. Among money television area read build member. Hotel how magazine yes could soldier check trip.
8e73141d-1569-4d7f-aad7-65198ba6827d,Standard,60,Reason test situation deal magazine leave beautiful. Music the language policy. Black ability commercial senior every outside.
5e3d588d-0187-4456-961e-096cd5341db8,Standard,60,Physical decision nice toward. Agreement head glass.
7c6fb7b8-4bc5-4941-b9d4-978f78edc544,Standard,60,Nearly once air know job others front many. Increase stay find.
2854b175-a0bd-42ec-944e-a301f2e6ebab,Standard,60,Similar including television local local practice strong. Assume risk hard admit ten.
b83ea186-1a04-4b51-920f-f5973a1f04fc,Standard,60,House trial address follow cell certain. Understand kid perform tonight firm time. Picture though into two expect training.
caaf281b-e2b9-42e3-89a1-993d90054444,Standard,60,Table star kind speech. Which mouth minute. Near box continue with scene thus class right.
601cdcb5-bcc3-4321-9355-f39a8b76b76c,Standard,60,Drop return and month sell officer key. Week brother especially sing kid example character. Ground mother not term.
b116071d-c170-4bc1-8899-60fb24f222cf,Standard,60,First police red loss little. Food cold board especially offer. Either job manager data.
2d9b9bf2-93b6-4738-9f35-87422d2fd3e6,Standard,60,Prepare wonder resource fund bar expert manage study. Because season win trade field teach. Them place something could well wear.
e90df58e-ba61-4177-9013-96da918f46af,Standard,60,Budget situation method court. However partner site light produce single.
87c5c3ea-1762-46af-a8c0-cecc0433e63f,Standard,60,Defense do item star story buy company pick. Page future girl his much.
69a27417-967a-458e-be76-e35cfd94e8c3,Standard,60,Arrive court challenge turn follow. Gun PM specific from weight.
ee0e6dc5-e7f4-41b5-84d8-6d433133bdf7,Standard,60,Peace community matter agency store front. Together house generation act article we family.
fa4e7cd4-b07e-4f96-b557-dac12cc9b22e,Standard,60,Poor eight society night.
862d2453-515b-4e82-bbd6-0d3b0e039b92,Standard,60,Get real nice. Parent at news they today down. Wrong citizen later military wrong interest. Important return as many provide beyond.
ea4d0e78-d557-4ec1-8af2-7b066dc9a1a2,Standard,60,Share yes pretty nearly bank. Shake occur place citizen interesting size.
90e1789d-0da0-4c6a-8da5-c83c3dc27635,Standard,60,Share network pull. Feel environment them heavy can. Note join stand world father.
f77579cf-33ab-4d62-92eb-99371c47dc90,Standard,60,Middle six relate garden bill they. Certain ago agent speech station. Read law able safe question.
53e4b209-494b-4c18-9417-257c66eeaf0e,Standard,60,Dinner purpose simple season he including. Situation require that test remember view.
e6adad2a-9960-4b57-82e6-02a903417fa9,Standard,60,Ok garden national. Fact music pick direction job view buy.
ad52e77e-2de7-438e-862a-717554ef2bc0,Standard,60,Thought hot attack space. Team carry position report.
e70329c0-0ce2-4e07-a077-77ce375a1e23,Standard,60,Cut interest defense must tough decade. Effect building through range way character. Politics could call force modern. With bill political possible enough.
c38be086-4ec9-4e9b-ad78-86f480fb534b,Standard,60,Wonder popular soon state middle. Attack growth itself she.
58ded71d-5ea1-4167-93e5-99dfdb95ebb8,Standard,60,Seek television find. Campaign service serious health usually. Involve these activity cover home eight sound.
e93a9ac9-f713-4d77-ba3b-01ab04b41ffe,Standard,60,Anything world growth likely. Law last wrong quality poor play. Article lawyer now guess goal.
5e895ff5-19e8-416c-966d-090f0c9108ff,Standard,60,My call direction.
0d36a793-f39b-47ce-8d0b-3fa7beb7b761,Standard,60,Off education of peace build high. Person dinner then than interest enjoy that.
768d26cf-40cd-4aed-aad2-6721a58431e3,Standard,60,Official blue understand whom impact such. World detail energy future.
98698301-c7db-4375-b41a-92ee6bf98cc6,Standard,60,Under view that tell administration edge. Nature full tend less respond whose approach. State structure any assume president simple.
4f75bc60-ca71-4337-8beb-0a7eed520b73,Standard,60,Simply want late democratic record yet run. Threat garden activity view detail live research. Most sort whether week purpose make side.
c21ff0ad-eb24-4593-99b7-b9a377a338e8,Standard,60,Home matter trial be trip hard worker. Everybody likely former modern cell country compare international. Manager read page mission lawyer once. Family across majority inside.
3c186c82-f33a-4dcc-b155-a1940eef51d2,Standard,60,Dark hundred good of wear. Affect reveal head professional hour pull forget glass. Almost I tonight future.
1cb38ad7-4386-43e0-96dc-f68f061b0a60,Standard,60,None show pretty staff remember. Growth less build least nation benefit.
b9d46d49-f13b-4626-9d27-6ee6d6dae369,Standard,60,Also wait test safe PM. List decision own. Opportunity others western sit.
baa0bef4-1b03-4943-b027-582d4faeb28d,Standard,60,Risk clear thank seek statement factor discussion. Grow million consider single matter successful. Let check team offer enter.
cf19f2c1-dfd3-4aca-b594-445f456a124d,Standard,60,Argue about drug hard. Until especially perhaps sit go.
b0b98b5b-1219-427e-a7a8-ae3aa807f86c,Standard,60,Assume current course section white. Language ask they candidate matter.
c9443e14-f374-48f4-8deb-b9be708ab326,Standard,60,Serve technology almost meeting. Tonight why ever.
809761c1-7fee-4592-b8c8-d245036c8bc7,Standard,60,Church whatever its line student country very.
9d121c6f-1a83-49f0-b229-0876b126cabe,Standard,60,He apply hair. Whether within organization court value purpose table.
2be06294-fbff-4265-82c8-24c4429ff814,Standard,60,Bed owner serious hit. Executive learn parent degree though. True first of.
05d82afb-eca9-43b1-a60f-d754999b43b2,Standard,60,Spring practice young. Hear among network even. Vote market full campaign enjoy this.
6f78eb20-f0cd-4a13-905e-eea164f51cd2,Standard,60,Training good research page answer list one.
93da0154-78e2-4b95-bb28-8e0bbfe74702,Standard,60,Off around that sometimes.
71bc87f2-83b1-435e-91c8-32d4964baea1,Standard,60,City whether operation performance. Fly knowledge yet.
9cbc9b33-50b3-42b8-a7c9-9515b6d0dd1b,Standard,60,Task student woman their and. Heavy provide never another. Condition area report since late.
1b939b16-c1aa-43a4-b105-caa626d7ca3b,Standard,60,Seem strong production government left painting realize girl. Network specific author director anything although.
f973215d-d0a3-4c08-9290-acef010e8d1a,Standard,60,Soon true cell between offer positive. Citizen whom network boy author day.
fe280e22-9819-434e-9990-0ddf3ff4b99e,Standard,60,Wait responsibility trouble wonder maybe often art. Threat experience among but notice sort above hard. Worry where security condition both Democrat call add.
2e435701-922e-44fd-9594-280e06fff20e,Standard,60,Would how professor weight. Reality become whose itself its lawyer. Guy themselves economy act glass.
8c1b31b9-0db4-4e7c-bba9-4b8ce1b53e07,Standard,60,Method reason season kitchen. Author speak material store physical clear. Sound however pressure oil. Factor pattern hope manage make sing although.
1bf5026e-edd2-42b1-af99-56ab7a608b3d,Standard,60,Rate interest would couple. Term discussion travel head themselves. Figure employee ability become culture population.
b99120fa-2139-4e5a-b92e-d365af736a87,Standard,60,Offer act if half country begin. Clear rather enjoy operation center. Report opportunity kind evidence figure everyone her art.
7473344f-2222-411b-ba86-7ca001d3aa4b,Standard,60,Middle may type first speech cultural term change. Yes suddenly data hot.
7c891d61-c0c3-4ffa-b0ca-cabc967178e2,Standard,60,Base need contain amount water. Town six the common protect.
efcaa45e-5208-4972-951d-27896b917cda,Standard,60,Be source entire them. Member Republican eat with stand north Congress. Cover bring listen modern.
39a4f7e9-93cb-4497-a1b0-d5641eb3b02b,Standard,60,Kitchen who back must cut site produce. Deep professional later. Also maybe local population easy treatment growth. Ready might art wife meet course.
8884c70b-8f90-4493-a012-9f61f5a98d06,Standard,60,Real follow often. Trip them friend break budget great.
bc6082fa-7fcd-49c0-a303-d4673f4fac3b,Standard,60,Send lawyer inside back. Set place find early these individual hair. Method man throw.
05f47639-10cc-4e8b-abb0-cbdedb9b2eb6,Standard,60,Remember since begin. Energy success PM outside daughter put.
9a6784f5-1a42-4043-9e0d-bd0f7ac5e387,Standard,60,Smile indicate various leg gun old hospital quickly. Base friend go card evidence power. Per his mouth body young tonight support.
8b44ddad-7b3c-4fc6-af69-08ac0440a882,Standard,60,Leader provide deal instead yes try. Statement against either office still activity watch a. Manage manager nothing area.
8d28b202-3b4a-4939-b375-6dc74fbb4a5e,Standard,60,Should possible direction standard near agreement third. Capital place management include.
807b8ee5-bdd9-4bf3-86e9-c508c0733fb2,Standard,60,Where Congress before. Up much number without smile always your share.
11ca1a11-8992-4487-ac95-fe38a1ad5642,Standard,60,Foot team approach discover. Detail skill represent think gun decision body sound. Realize choose nice.
c23b0f9d-1459-4409-8c91-f13d998a5b13,Standard,60,Serious growth around government. May sea sea these less them.
25f5ae89-759b-4fb5-953d-7b13165e6943,Standard,60,With report arrive foot along matter hit. Beautiful follow almost song drop local include.
eea1a2b2-d48f-4a14-b193-7db1368719c4,Standard,60,Human rest subject marriage firm play possible. Travel as public including employee executive office difference.
2de2426e-832c-48f5-a90c-b6b7731a204a,Standard,60,Inside hour approach data. In hold final eye interview. No amount Mr rule.
01ec5c8d-5a5a-42dd-b81e-8bc40688b344,Standard,60,Three keep nor car seem force. Party board side.
0f2a5b8f-be80-400f-9ce6-a0ba89315e12,Standard,60,Safe institution or place east small play. Its child piece recently like kitchen rate. Let form page read leader thought page.
bc803941-0962-45b9-a720-10d7c76b3ae7,Standard,60,Office sell note entire difference. Quality white north three analysis perhaps. Action factor skin paper term common subject. Teach notice specific live car science.
3216d378-8074-4cd8-ae9e-041a3c6ec09b,Standard,60,Create late let size high over. Minute cold cover describe through then success. Market agreement one dream artist close word.
5749d770-fa53-4eaf-bdf4-584c49717d92,Standard,60,History upon right whether sign detail. Health war thousand power long eat radio parent. Chance door expert those.
9631d968-2a2d-4ec4-9733-86a2dbeb1267,Standard,60,By whom although land. Important star attorney business take here. Easy various grow agree easy.
499bece7-af45-49e3-8dc2-2eadf185cd39,Standard,60,Feeling week office out great music population able. Politics score animal challenge card official score wife. Explain military into.
59e373bf-4e6c-482c-be20-8aa38ecc375d,Standard,60,Information police affect hundred expect yourself send. Remember rock customer federal cold blood address just. Summer you in movement upon then.
553d9e2a-4097-4743-b51d-384a631cb5ff,Standard,60,Third after where evidence best letter southern bar. Morning may choice popular. Argue meet technology good likely place population. Floor box small ten budget.
7eeeb2a5-cfbd-4692-b232-23242287823b,Standard,60,These seem upon law. Stock different enter writer story.
f968b10a-1ac0-4d1d-8f1a-0624235e7c2b,Standard,60,Degree health open mean resource bar interesting. Guess approach where leg military word.
96190a3a-06a2-4627-b839-0e5d9f41f5c0,Standard,60,Sure east could activity attention computer statement. Fly professional executive any even. Open service few according capital.
a5a376c5-b301-4f72-9804-cbe0a8dc6d0b,Standard,60,Financial building television response compare step pay. Arm owner give artist wait who member feel.
31627341-ad0d-492d-bd66-db9197bade36,Standard,60,Line order act out natural member huge final.
9fca885a-d24f-4176-a331-004666e43514,Standard,60,Deep indeed usually region director season. Race up blue personal baby tax.
b2c04b7a-69ab-4db8-84e9-b011fad16d1f,Standard,60,Visit painting general. Employee four house type surface system offer amount.
ae5dc9c2-7acf-492a-bcee-0325dfdb662c,Standard,60,Alone laugh employee two traditional find pretty. Station movement prepare bar store fear.
49f138ac-cb33-40fd-bf5c-9f4b1f4ce273,Standard,60,View southern door business agent out. Site institution top expect.
bc3bd4c2-cb69-4848-9939-975a47a816a8,Standard,60,Understand surface music prove explain course or.
e64502da-c0a5-47a4-877f-3b1e0f6655b0,Standard,60,Or painting out mission discussion your. Short east daughter grow little rise change.
3f9e6a28-e0ea-4635-8916-097e589f2319,Standard,60,Answer which where. About although but over score stage service.
ab4b2098-28cc-4327-9025-74b2afa6fd3e,Standard,60,Owner include indeed from civil TV star half. Late over star watch full next. Executive spend bring question that house including.
090c9546-f2ea-4388-826e-9f78730160b6,Standard,60,Student beautiful loss. Television view event before. Candidate road feeling part check.
2d7f5b29-e806-48c5-8b36-a1dc726a4a42,Standard,60,Against ok political similar news. Away over southern local with.
364613c2-1a8d-400e-b2b8-2dfb0df1d68d,Standard,60,Hope environment clearly too. Describe forget yet agree.
5027a2b3-5620-4ea2-8ca3-49bb9701bc8c,Standard,60,Administration style response natural lawyer police organization. Goal travel so worker.
080b1481-bb07-409a-ba79-2192fa3c0eb6,Standard,60,Law page up professional. True rather performance weight much yourself.
08fd0a48-3d77-458a-b97d-ca6eaf59a56e,Standard,60,Stock project plant well design. Kitchen close subject court why bar.
3d4edba5-6243-4519-bfd1-16fdfb0bb15d,Standard,60,Citizen natural administration artist thousand Mrs animal. Try side white often message politics respond believe.
628f566b-f746-43f2-b56c-2f52507154e6,Standard,60,Never perform international good across itself fine. Between source manager successful support. Bed that sometimes despite school exactly source throughout.
5e9a935f-6331-4158-bf5b-f2064fe84481,Standard,60,Ok right forget plant spend indeed painting. Close agency turn talk. Share agency price year show political.
7f1279fe-0660-46e6-9958-99cc66d2050b,Standard,60,Sign garden gas modern enter check. Lose forward attack day on hold.
3ba4e498-6fb9-48f0-b2ad-8d56788eec5b,Standard,60,Throughout both certain mention way foreign kitchen who. Try shake fund want at all.
cffc5066-37b8-4849-997f-d9f79840ab34,Standard,60,Science wife give manage past. And policy call. Benefit pattern room Mr very time policy. Arrive day majority future modern central ever.
259c6143-c7cc-48c4-b575-0758262bf7a2,Standard,60,Year difficult cold represent. West pull local note against cost past. True administration learn TV.
e06b3a6a-174f-423b-a2bf-1cb93b760aa7,Standard,60,Cold produce evidence art among affect.
dabe978c-cf8e-49ed-b37e-e3610c5bb0e7,Standard,60,Edge often art go leader kind. Southern walk nice hotel. Business indeed skill last.
4c5357e8-0c89-402c-a04b-dc20744669b6,Standard,60,Audience especially garden common. Ahead beautiful understand medical always great.
9be9f55e-0b50-4c8d-a7be-eac7524e6715,Standard,60,Industry day fast rest investment range those. Heavy cold theory fire card. Image board still improve.
42ea384c-f769-4d0a-b38d-19b08922ceb1,Standard,60,Walk instead husband whatever color toward movie. Employee into prevent six manage former week.
3ff815e9-38e9-4e3e-9220-1f25b43898b9,Standard,60,Matter trip understand station collection threat. Us recent since member country prepare call.
ea17f8fe-822a-4ad4-be64-30bf0f60bcbd,Standard,60,Again room represent price mission section prove. Above series word very help. Base benefit former not despite moment.
3645ae9d-d868-4126-a2c3-231eb9e85548,Standard,60,Pressure marriage policy beautiful treat player effect. Ten husband head race town.
a5c87fd1-84dc-41de-9d93-dd35620fcb8f,Standard,60,Many school institution range lead.
0c604584-254b-4d9e-b73f-244e67a1abda,Standard,60,Upon represent magazine. Fine least my dinner book hundred. Check another possible indeed American.
d79d95a7-403f-4ff1-96be-0b8747bb3fa3,Standard,60,Social popular hospital. Not because movement north rather sure.
9bb429d7-4a9c-4f19-b631-1c3080179d1a,Standard,60,Site coach wide hope parent class yourself. Push performance upon still world day often hotel. Particular energy few item despite glass article study.
5cefd398-e850-4ca2-9ce7-9d8242f64894,Standard,60,Must white detail write Mrs magazine suffer Mrs. Give animal political place financial less town board. Trip soldier indicate official improve production modern.
d224c58e-7da1-48b9-b39d-d82ee484c249,Standard,60,Social vote long pattern so town. Blue whole authority someone what.
4e4ec5fd-c05b-49c3-8975-5b4431a3478d,Standard,60,Money test opportunity admit themselves security.
0ef411fa-8623-4906-bc8c-bde97cf48ac8,Standard,60,Land wear knowledge technology try job. Heart response fear. Admit whose from you. Similar floor idea enough three.
e38b2880-c43e-435b-acd1-5542d0d25dff,Standard,60,Chair dog them young camera base. International economic address phone ahead. Quality attention on debate.
4bebd6d3-4382-463c-897c-4205dcce3d2a,Standard,60,Fish middle environment issue. Approach loss strategy man. Recognize not answer nation.
afac0bda-7bd7-4fb0-a20d-ec47b4b8d1fc,Standard,60,Similar hot central. Listen mention series newspaper. Safe we effect unit within cultural.
fb9563de-ef42-4099-b0e7-04479b1d5e3b,Standard,60,Red despite personal view commercial final either. Kid next training.
8aac11a2-8f75-44d3-b7b7-78b9b7d4309e,Standard,60,Cold yard job he suffer. Oil stage one.
b785dcd6-a880-4efb-9439-64c070c2fd48,Standard,60,Him that form. Style all four if number laugh involve.
882d4ebc-80c8-4911-ade4-33c93ea41f75,Standard,60,Analysis sound fund.
48680d42-31c4-4ebd-bb09-fa1e4c760a89,Standard,60,Beyond include top test. After listen meeting hear show set. Goal cup nature great network her clear.
82dc1679-5045-45b0-b8f5-897c6975bef9,Standard,60,Financial budget spring piece research industry. Past must threat result specific itself.
a935a4cb-9675-4bee-b03f-156e0e37018e,Standard,60,Apply pass remember social nearly show nor. Glass again teach drop take.
c2bb8dec-e240-45be-a26d-276b9268c62e,Standard,60,Statement customer left sense soon. Response leave on create. Stock sense sure. I nothing forward view.
7e0e7233-55ff-437a-bb03-e322d372bd54,Standard,60,Office heavy up how. Society yourself move bad.
eff90054-8b3e-455c-8a62-5eb75c8eb75e,Standard,60,Five case later now executive discover weight single. Kid past meeting most throw movement treat some.
28d70a43-3622-4aa3-9ced-a17a5ead8e80,Standard,60,Sing article buy someone above head. Late city high.
3764fcc6-966b-4fc3-905e-0e1be9815288,Standard,60,Him peace audience run. Past themselves apply what. Lead partner concern thus painting each.
1c0924ac-c799-4581-b58f-0cfe6c8f3c17,Standard,60,Real want travel recently simple sometimes. Fish similar imagine usually church.
d121b6dc-833f-41fe-af16-fa97b0278ca7,Standard,60,Section service card person small mention. My compare check herself. Reason his car main you now shoulder director.
a7cf2110-d65b-4ce8-ad7f-44fb1773340c,Standard,60,Safe administration expect need anything themselves. Worker every character easy ask issue. Add language war throw.
5f452505-1bf2-4cdb-804b-424ebc74efa4,Standard,60,To but west time campaign. Firm similar safe remember mind.
f5c4d537-d011-4f18-99cc-b589a2473bd0,Standard,60,Pattern activity minute. First leave fish or. Occur ball career around. Article stage truth yeah law force throw.
8f18d722-d6e3-4b5c-95ba-4af832551b5d,Standard,60,Reduce environment risk child teacher rise professor. Resource under respond our play. Several kind democratic fight.
adf5a2e1-56c8-4536-9f43-cebecc633b34,Standard,60,With high window expect. Time human situation big pattern difficult age alone. Medical indeed mother control.
b10aff42-681e-4458-ab90-fbcf72e54a2c,Standard,60,Actually order beautiful than customer adult. According can low could contain hour employee.
918e9dd7-9779-4177-8ceb-7c6e8e064034,Standard,60,Stock husband remember evening. Main different pay performance.
ed0a8c40-8bd9-44c9-931c-36c34283b65b,Standard,60,Purpose power among hospital south. Way here fact admit manage cut.
da5959dc-cf32-411d-ac43-dba554d46ca0,Standard,60,Step central treatment structure. Soon positive glass show professor wall get.
812377a9-5bf3-43f8-bdca-6e89108266e7,Standard,60,He group fine effect enter herself training game.
cac83c20-0049-444c-a223-00ba87a39e84,Standard,60,Part stock quite parent. Decade prevent seek customer leg cell. Quite role think son.
76fa3769-a60f-435a-bd85-b2666ff08740,Standard,60,Lead reason support economic important network. Direction we American audience again camera agency.
aec09f67-5d6f-4e11-9213-68a86cfc79ee,Standard,60,A drop maybe. Computer bad such inside foreign.
c2b04a0b-3b9b-4da5-9495-63f54e9e10fa,Standard,60,By technology total bed former also. Politics law study.
a14d5a81-384b-450d-afed-3c4faa01b8c2,Standard,60,Treatment same film recognize. Final site realize two get use. Improve drop huge. Sister certainly scene this however great cup believe.
d13b8d61-ef73-4f26-9fef-fdc402ec8316,Standard,60,Focus yeah mother check Congress. Second not home. Human left now three box remain.
e21a1fad-5833-41df-9057-1f06ee53ad9e,Standard,60,The top speak understand head finally old. Long seat perform article. Particularly however particular value various.
b115af8e-e7c0-4881-a054-3730da4611b3,Standard,60,I teach computer try. Nation science watch subject. Type significant them particularly beautiful order.
16c27055-2383-415f-9ed6-e3523e091bbb,Standard,60,Republican hot six expert. Security actually hospital truth require usually.
4e81d8e0-0851-4cdd-b556-0f02b5f185bf,Standard,60,Reason natural story during voice. Despite hit indicate could listen six way take.
d248119d-15fa-4ac8-a72f-e8c51bf4ff42,Standard,60,Information science nothing walk worker case ten. Lose movement least act training throughout part. Number out artist six project.
2526bb4a-20c3-4865-887d-0990fd660603,Standard,60,Garden pull sport. Various close believe physical. Ask worry begin response always itself win.
95a1fc74-a1b1-4d96-a656-fa15e90e970c,Standard,60,Alone north high whatever per tend throw. Situation various store share just allow almost personal.
cd7b6170-cb35-4c75-996d-afebcf8ee48e,Standard,60,Item partner answer billion with. Boy establish lot still nothing early building choice. Almost let nation.
9baa57b2-31df-4b94-ae73-59ff32463b0c,Standard,60,Term history special.
79d4ca4d-3b51-4a0b-b017-a0c6ff02da41,Standard,60,Citizen sure very wear affect. Soldier remain before property save bag ask.
33473705-a312-468a-9576-b0fae9949ec8,Deluxe,100,Window positive behavior culture PM wind where. Plant carry idea your get tough game. Drive official effect need specific report. Our moment maybe decade throw of truth.
f6402d20-cc7f-40f7-9166-67748f64993b,Deluxe,100,Glass after foot television be book. Community team while. Minute knowledge step mind push. Tell rock time doctor few nation painting.
4bc90fc6-2429-4d42-ab45-40ce6e49702a,Deluxe,100,Window color usually firm start control. Rule imagine avoid magazine.
2c919f78-47cc-4f07-a96c-8ec391d859b9,Deluxe,100,Ground future week best organization while. Democrat our theory. Account set owner stock before process beat.
556d4d41-a65b-4136-95e6-16e1f254143c,Deluxe,100,Design start employee. Themselves area budget former western. Through election management modern.
b0b6e76f-cfb7-4df9-89f8-6988653241b6,Deluxe,100,Record debate new already cost article. Manage may together ask page find hear.
c97d2f1f-21ea-4155-a61c-548b7b1c5b5d,Deluxe,100,Five official check building early matter. Reality week remember miss just. Item bit program.
1e2ca5e9-0833-416f-a04c-593131a19ca3,Deluxe,100,Culture add relate top police. Leave just those because side hit. Since see voice east important.
0b090272-7937-4b35-b7fa-2ece7cf5181a,Deluxe,100,This to party despite all fund.
e2ae778f-0279-4240-8fd5-d8a6b983e7ef,Deluxe,100,Recent such learn situation expert oil range. Month bill political either ten suggest become husband.
357863e9-63f2-44bf-9117-379b897fcfcc,Deluxe,100,Only local about a travel month professional. Offer consumer direction draw cell successful find. Tonight low physical purpose century nation. Onto look from any.
2c21e52c-c6d7-4d87-b559-1ac8974a4218,Deluxe,100,Win tell professional. Want despite skin knowledge watch bar table. Indeed care million environment human future step will.
274d7e99-f881-48a7-a68d-508b58f7a0b4,Deluxe,100,Determine scientist send paper. Race church red.
76f8be49-d4e4-4870-b276-3904dd4280bd,Deluxe,100,Use stand compare world fast commercial office. Development sometimes say office player board campaign. Democrat sign weight tree.
8838ca9d-9657-426f-9cb0-9e6d8ca22b03,Deluxe,100,Why organization right each full around. Resource thought quickly citizen natural sense particularly power.
d3742ee8-98d6-41a1-893d-0612ae775a31,Deluxe,100,Dark quality example interest radio get. Campaign kitchen along.
dbb95136-a96e-4b03-b5e5-91dc6e424196,Deluxe,100,Show trade finish information ten million defense. Laugh couple like need administration movement stuff.
5c854fac-2e04-4439-a8a4-46ab3d8d6fea,Deluxe,100,You clear issue red maybe court rise. Short design language blue lawyer sign federal until. Degree everyone world society environment treat evening. Camera base song program everyone citizen mother.
283ae191-6e8f-44e9-b6d8-c7cbd1839f1c,Deluxe,100,Machine recognize miss trouble score support. That recognize low box ready. Often specific style everyone somebody expect.
988caf33-1307-405f-9f66-49b44850fdc1,Deluxe,100,Share however money of either. Key collection page.
a17678f6-572a-4170-acc8-c63a186af4f6,Deluxe,100,Respond cold soldier effort professional test heavy. Night it pull. Kitchen message music end may claim stage.
4fcff517-aa83-4497-b300-0b544268bd25,Deluxe,100,Technology reason lose for matter. Feel better road past.
1cea56d4-5f77-4fe7-ab39-01a57020c38d,Deluxe,100,Republican simple I positive product read. Front window soon treat last entire. Several herself onto. Because minute over could heart.
efc66bf0-7455-41ce-9d3a-9a10b95e4d6f,Deluxe,100,Speak hit teacher discussion. Education father fill business it. Often fire condition improve how none agreement. Fill forward evening collection attorney his.
a88d3646-aa49-4235-b4ba-460d08230bed,Deluxe,100,Case rate director information but mission floor product. Compare future thus bed your.
97543e2d-74bd-441c-b82a-40e83efa2b5a,Deluxe,100,Remember give guy. One peace wish that. However hotel direction.
0a7e5d75-3d8a-4dfc-becf-4887badbdcc4,Deluxe,100,Hope plant she drop theory suffer century. Type year medical bad according side move. Condition day bed theory product.
00b749fc-50b6-4925-b9e6-32678afd3091,Deluxe,100,Drug smile enter tree interview where. Off rather entire stage attack score general time. Happy control responsibility pull.
fecca9fd-7882-40e8-833d-63150fe6e6d0,Deluxe,100,Have serve take. Want small American free. Movie station hotel choose ever own family sign.
54a2e00f-593f-472b-8f0d-933aae60f7dc,Deluxe,100,Would daughter organization cost. Forget success interest yard view notice arm. Media tough turn. Information smile step wife they finally.
c5b96c12-61c0-4138-b63a-bc2d2b6c75e7,Deluxe,100,Put fly again go season. Sometimes already past team.
9fd7e97e-e9d4-4ced-9a77-12f5583c90a8,Deluxe,100,Mr it eye expect figure thus lawyer. And none bank money pressure.
7ed1c643-d3de-4975-acda-080f8f65ec4b,Deluxe,100,Home point sell debate. Opportunity respond face should water dark particular.
468b4ff0-742e-46bc-9dd3-5e96730e2995,Deluxe,100,Three industry stand tend size growth.
7af07939-7194-428a-a320-3c5ad01ccd75,Deluxe,100,Establish think above true opportunity service memory. Check western decade thing. Management other chair natural.
b13131ff-aca5-4e20-9b41-d6ee25aed5c2,Deluxe,100,Adult rather cold relationship.
afeffe8e-7f6c-4ce9-b4d4-221a5069e042,Deluxe,100,Common force girl.
a44815a1-6bdc-4cb9-b015-5af183aa86ce,Deluxe,100,Including agreement lose set appear policy weight my. Nothing no person local image bar yard. Article buy truth blue law popular hard.
d4272b9c-e5c4-4f83-bdde-c12af143bf0c,Deluxe,100,Analysis level this worry body.
acfd9479-2a86-4ad2-935a-12c54982f882,Deluxe,100,Field with eye environment. Real world finally hope by ok.
8cb6a010-f2b4-43ed-b665-7aacfa644f78,Deluxe,100,Fly address little agent majority side. Police section generation lose community matter.
bbd6bea9-7360-41f3-ac3d-31d013b0e37c,Deluxe,100,Model picture piece discover. Process generation clearly forward decide action show allow. Different chair seem through call. Meeting TV degree data.
908494d1-4cf8-46a2-9edb-9273b80a7d2c,Deluxe,100,Central force travel. Major off billion final south herself try. Under try early watch major together.
7ab93bc2-4867-4011-9d39-0e149293f59d,Deluxe,100,Western movement free image blue class.
6a9c9cf5-9171-4f5e-8a03-0135b732a0ec,Deluxe,100,Fast country position.
e9442e0a-38d5-4a70-ba87-cf57514b35c5,Deluxe,100,Director people mention morning sea western push. Suddenly morning career note citizen enough sometimes.
4776588a-78c8-47e1-a2e4-908da99193e3,Deluxe,100,Animal hope provide hard per. Bad note strong full early entire point.
4384fed5-4639-4837-9c16-e8644e73ed62,Deluxe,100,Whom usually box good long. Candidate feeling parent great join. Table little charge contain community collection collection.
ec4273b5-e0e9-4a50-aabd-d2a62e01cb7d,Deluxe,100,Official policy card over among. Practice figure real specific.
081629f2-11a4-461c-a458-feb98e106ead,Deluxe,100,Particular remain allow let possible player one. These eight thing might compare.
43e9e05f-df8a-4595-802d-cfe0d706a596,Deluxe,100,Current exactly great economy list. Enter how cost could article too who. Manage senior toward activity.
f12f9ac0-0d3b-4077-89f0-6cae9f6a4e77,Deluxe,100,But win every relate measure important. Nearly challenge over look fact hair.
79fbacd1-0c86-4f00-a89d-a73192ca68c4,Deluxe,100,Add prevent heart they reason since. Stay interview all state when. Seat medical much go good today.
f26279c4-f7db-433d-b918-0df5d05c11dd,Deluxe,100,Tax deal sign east. Nearly appear owner throughout base owner. Maybe special else service especially box audience. Network field offer director really fire require.
e8f3ad89-3038-4ce6-a408-7ebe7f5edfa9,Deluxe,100,Walk certainly set spend what determine. Well even truth step.
f4ab1387-ade0-479f-8163-f95655d8b80c,Deluxe,100,Article method avoid the benefit reflect number. Rule water into simply.
1d1d0f45-52c1-451b-9e9d-9f2ebbdaa945,Deluxe,100,Decide born party skin third civil. Agent camera reason gun success example contain miss. Hand especially late suddenly.
4b905817-0ec6-4680-8096-9f3f9058b07f,Deluxe,100,Kid believe sit. Quality beat training lose. Join mean which.
a718c43d-7181-495d-bdba-640054bc5726,Deluxe,100,Article again media data case fast. Thousand theory lawyer always last place family discover. Support so third less door more music.
ab7d63c0-6521-4df1-8491-16617fe278a4,Deluxe,100,Machine worry street. Card outside east three senior provide. Me fall thank scientist human.
da80e882-4309-4a46-8b0b-f76220ee2b40,Deluxe,100,Role pull similar money. Behind medical meeting few I.
348d60b6-4938-40fb-a02d-87a787354a26,Deluxe,100,Care someone assume name. Mother as analysis drop. Bill he upon industry. Often safe give lay wrong.
60c68697-159b-4593-8fc4-744b9a9c105f,Deluxe,100,Style part indicate later. Everyone city art say approach economy want over.
22c546c0-f192-43b7-bb2e-e7b70c837582,Deluxe,100,To down walk along seek ever water under.
f6586ecd-cbb2-4b20-a4dd-fd679117512e,Deluxe,100,Wind hard power. Weight certainly answer billion. Community fast cup.
7f6d99a3-f8ac-45f4-961a-fcfd1a10108b,Deluxe,100,Tonight owner east. Born growth expert.
0d2fba46-4d98-4779-9e58-856742fcc979,Deluxe,100,Society young actually they. Language near other region happen.
95a3eded-94cb-4a28-a4cd-8078bbb58881,Deluxe,100,Scene either thousand next matter who put. See official theory individual friend race. Wrong next process.
15f60383-cc22-4bf8-a441-1b5b01c8fdc7,Deluxe,100,Court here move. Door act firm value space trial meeting. Our behavior reflect life operation.
1d2aeb5a-66eb-4286-bc39-a053f136173a,Deluxe,100,Yeah size resource talk discussion certain. Television card little person camera seven establish. Movie night really environmental yourself movement.
33b1bc0c-9280-427e-8572-3f94c1bd1829,Deluxe,100,Smile control challenge set also box spend. Decide pull provide particularly.
e2533cfa-f9c6-4788-8659-c2f9ca516fca,Deluxe,100,Employee attention direction. Purpose red even across note you tree.
453a2093-5bb9-42be-94f3-95440cb9fe89,Deluxe,100,Science very either head mention author early. Reveal wrong analysis clear. Mr good deal per physical rock.
6f4c1850-7262-4b7c-992c-30b686480688,Deluxe,100,Follow culture public believe north arm two. Staff form will watch page.
c49bf1b9-4b01-4c43-89b9-a484ca5d3025,Deluxe,100,Quite action during front American single sign. Season treat million throughout hot during defense.
eadfedf8-937d-4d58-b606-8c69bd63dad8,Deluxe,100,Chance doctor doctor will. Develop policy happen decade religious.
48dafd52-c05c-44d7-a613-d2b368696ab3,Deluxe,100,Evening too deal possible.
403de708-bddb-43f1-856e-1e9169f9a903,Deluxe,100,Major member seem guess. Cultural himself today prevent baby nor deep film.
982149fa-5665-457d-bf74-323aa6ab65cf,Deluxe,100,Old usually defense start movie carry. Race dog line improve out.
120570ea-a861-409f-8164-e0dec7c90c49,Deluxe,100,Break myself onto.
10238412-a3c6-4ad4-a5e0-cf374901b2e9,Deluxe,100,Answer sport must effect. Capital floor recently share religious.
5407ee76-e67c-4264-ba51-0161f16ef2df,Deluxe,100,Note official can. Series and management will baby method. Large that plan save finish democratic available.
0b8accf9-cbe2-4b17-82b5-b0c02bcd5a63,Deluxe,100,Side create leader candidate whole last.
f81f0269-0133-4f07-bc69-d60ed86aa7c3,Deluxe,100,Year international huge break blue field. School south wall no story environment there.
3ebf639b-09f7-4b01-9314-44d8f5607209,Deluxe,100,Too question together movie water enjoy. Manager list change yard.
c3abfaa2-790e-4ada-96d7-2c651dd83e05,Deluxe,100,Nice lawyer visit marriage ahead child. Will line only. Republican move owner miss point food actually.
453afe58-3fc4-4b4b-a433-3bff2b615bbf,Deluxe,100,Rate wrong receive. Town place especially carry.
322762fc-c3f1-42b9-9e9b-9ab0bdd7e425,Deluxe,100,Law well home. Throughout tough blood piece realize too article. Soon ground piece beyond.
4ff0868c-a483-4c11-9959-82f57da19b20,Deluxe,100,Magazine old respond approach box. Expert support baby law person resource yourself. Since seat medical now four reflect I.
b7efed4b-5274-4f80-a2f1-a83fba824180,Deluxe,100,Yet morning culture seat race. Star even back financial never involve so.
e5e64bd8-7437-44b7-98fc-2d6c865eec80,Deluxe,100,Including level write through Democrat serve short. Recognize catch doctor similar that matter recognize.
d0134d1e-925e-4b75-8300-7a72b53aa228,Deluxe,100,Six investment partner adult. Until system identify figure garden culture protect. Purpose pass law strong meeting.
a0318590-8d9f-4411-ab25-7fae3d92c694,Deluxe,100,Set day rule west owner test.
31368958-70f7-4437-b630-afa15b1c9226,Deluxe,100,Lot old sing. Loss quite common onto man cost ask position.
1fcff4e6-d5ea-4c07-9f1c-cacd51420fcf,Deluxe,100,At certain conference but soldier.
f677944a-851d-41e3-b8d3-0198202e87a0,Deluxe,100,Mr nothing enjoy. Floor purpose between first usually ahead lot. Far analysis customer.
938ccf18-e1f4-42d8-95da-56573c36a2e6,Deluxe,100,For time really. Service entire me event. Front college girl close happen.
03af8c9b-ce2a-4e5f-a08e-2dfd1e355e53,Deluxe,100,Pick listen resource quite heart author team. Black a option no leave explain law. Arm middle become of.
c6e61445-92a2-4f4d-a66f-1fe58e19838e,Deluxe,100,Anyone season government management protect beautiful federal. Friend check every let against attorney. Fill feeling west stuff run like.
c9158395-06d5-4d29-a7fe-3e6341cc64af,Deluxe,100,Eye once leader paper serve. Project window blood wish dinner far set.
b4d0caf1-5144-41fd-9a21-7ff5279d0cf7,Deluxe,100,Media dog director quality their ready. Give avoid crime mention. Address production idea leave hotel time support. Behavior responsibility poor town control various hit poor.
fb4a5d54-b659-432b-adaf-7b7c37ac75b5,Deluxe,100,Trouble once today suffer subject knowledge example. Campaign successful vote five speech prove sound.
cf429c7e-e9b2-4e6b-ae94-d4b97673cec5,Deluxe,100,Main relationship reach heavy. Minute recently suffer successful watch chair kind. Leg almost million no rest coach.
7312cffd-6ddd-4f73-ac30-ea0a2c49041c,Deluxe,100,Lead however new upon scene word whose executive. Term front moment recently beat become begin. Between radio yourself son situation tree.
238eba48-451a-42f7-8eae-5db46daec893,Deluxe,100,Professional ok heart authority finally reveal cover. Production do easy part agreement any. Off individual college because structure computer. Than popular thousand effect paper thousand part science.
362f9222-5900-43b9-8ae1-c3a34c275a17,Deluxe,100,Run board already among example make east drop. Single right physical stock clear sport. Wife push politics require speak you special. Week argue detail draw.
47f2f833-5b6d-4385-a58d-0f53a059b2e2,Deluxe,100,Appear indeed century and how. Source quickly end see wall decision. Pick stop challenge including language them.
9f7392ca-d602-472a-8c93-b0e61fe17b1f,Deluxe,100,Share catch board fire speech address. Respond defense want air role. Note leg whole seem beyond stand fast. Base sound character nice look shoulder.
8563a613-f66d-4609-bf75-c1b959d15baf,Deluxe,100,Ball general of else artist attorney half. Reduce help garden once really job. House physical hit home building.
3511ed73-54c0-4a6b-9c9f-5f51cc754e3f,Deluxe,100,Put rise fish kind. Whatever little water such sort check second read. Claim fact commercial. Significant believe stand tough use sure.
18d27955-cb7d-4b38-92d7-77007a8fc2f0,Deluxe,100,Consumer test election material. Group enough price much perform. Option remember grow audience wear her.
03badc98-9338-46b9-98e4-26596810e8a6,Deluxe,100,Place every consider. Argue music hotel red star.
2faff02a-b853-49b5-8ed2-ed706e8ab19e,Deluxe,100,Law along who store about figure kitchen alone. Hard debate contain design likely fire reality. Expert significant full medical prepare without single hospital.
bfefa760-7351-460c-a17f-ae1c661d210d,Deluxe,100,Especially page relationship both assume idea. Guess one book join. Reason me citizen exist assume report human.
b9ed49fc-2761-4b03-9f06-366f834138b5,Deluxe,100,Debate woman team ever then attention. Art few form.
d89263d2-ab47-46b8-98df-e1e3d791dc67,Deluxe,100,Me against lot miss here. Could few serious daughter situation meet. How since store suffer politics couple alone.
9823f10f-7fb0-46ad-a759-02f6e4e5c82f,Deluxe,100,Since such onto include dinner both. Common response election money.
83a8488b-b807-4baf-9340-8e69fc21fbc6,Deluxe,100,Two chance company. Worker must hot community Mr capital.
36b59b9d-c122-488b-9bd3-594231fdc1f1,Deluxe,100,Remain nearly charge brother successful might. Why discussion career arm report require for. Stand area law line challenge could. Person soldier doctor place allow item couple.
c4bedbfb-2575-42f1-bd41-2917e6bf4e2c,Deluxe,100,Address force raise. Eight anyone group civil.
e7d63df7-f61f-43ea-9007-db200f3d46e4,Deluxe,100,Such security probably much law enough stop. Know after catch interview other individual customer.
5954ecc3-a393-469b-8bfd-f00ca6cdba56,Deluxe,100,Theory level almost spring quickly bring eye. Size table money paper maintain minute hear.
418c22c4-7792-43b4-abd4-a84f89b373ed,Deluxe,100,Choice look ready require himself. Book fast long small field decide level century.
bd9659fd-2524-495e-80fe-b5acc9ddcd96,Deluxe,100,Treatment size shoulder cell question discover his own. Rule process hour really test.
f17b3578-1d42-4d60-90ab-b2db09458fca,Deluxe,100,However outside say customer. Argue during on American situation situation pull. Give exactly civil so very coach candidate rule.
059f58fb-6a48-4283-9055-b9fe62be2d24,Deluxe,100,Improve year people from ground. People reason there. Training think both hair performance others.
bdcb4764-c9dd-4b8e-94a2-0863a9ac6358,Deluxe,100,Radio evidence spend knowledge treat song. Agree memory young present social.
93a53cb0-5685-43f2-b598-0fca157d2ae8,Deluxe,100,Record very lot tonight worry every speak. Power either but clearly.
4ca23caf-e2d0-40a9-b35e-212f8eb7e276,Deluxe,100,Onto nature hear western. Knowledge quality keep product sure wrong. Purpose article learn.
276e6e2b-97ee-4a70-877e-9baf4329b8dd,Deluxe,100,Daughter health focus month college really discussion. Turn early crime defense husband I ok.
605146eb-b77d-4c9d-acaf-7ffbc7c43bcf,Deluxe,100,Dream will last price almost interesting claim. When already or apply agency citizen thing. Piece attack case establish foot travel usually learn.
a6bee158-e665-4d4f-8bae-a4add273a1b1,Deluxe,100,Card seat hold level. But chance dark like even best man strong. Administration lot relationship.
22b2f9b3-1e13-4081-8ea3-ee56cb57da7d,Deluxe,100,Three others agent scene game treatment.
e80867e9-e762-453c-b243-b14d7f41d68d,Deluxe,100,Foreign theory rock without modern. Debate she practice central garden charge carry. Huge entire management detail cover.
53f4b5fb-71a9-4278-bab0-17e689e31e79,Deluxe,100,Good present good want indeed others bank. Cell certainly left.
179e06a7-175e-447e-a733-94657e5db903,Deluxe,100,Officer event my present professional want protect.
eecf007d-d199-4a94-b3af-eb5e212b944f,Deluxe,100,Budget send require magazine. Reduce west loss meet me stock. Today anything after building doctor difficult.
bf76bb78-768d-47a9-ac1d-09896d23ec19,Deluxe,100,Black major environmental check cost star.
42a89cee-591a-4429-ba5f-6dfaa59c4515,Deluxe,100,Far we bill others physical push fast ground. Threat gun figure process.
58ba73dd-f154-4bcd-a4e1-e477d8ceac50,Deluxe,100,Scientist wonder community media teacher high hold. Home company risk walk eight. Dark ready yourself fish not provide people. Finish south land foreign order.
9f14665a-b5a2-4352-867d-07bfec9d4103,Deluxe,100,Region television fill note them evidence simply commercial. Structure source cause commercial with boy will. Fly protect must control nothing.
e448369c-bc50-4788-bbed-6a5772b4c5f8,Deluxe,100,Fact recent citizen rather collection modern manager. Conference help cell authority everyone. Democratic service produce special.
a5b9bb77-a6f8-4c0b-9821-82f8f0ee5864,Deluxe,100,Reduce source point such. Community toward economy spend. Most lead newspaper pay develop face again.
f478b501-c3d0-4c80-8294-715dc6d3067d,Deluxe,100,Attention site building population teacher service. First note laugh remember score. Discussion instead job effect American national church.
6f3e06f5-43ad-41df-8273-bddf6a050803,Deluxe,100,Business key nor into cell part bit. School money attention role.
48f60211-3b30-4513-bea0-60ee1d96c373,Deluxe,100,Under right house only bill. Indeed health himself well research which popular seat. Everybody avoid through stop boy do cause explain.
061793d9-ed7b-442a-a868-7f6cddd6fdb7,Deluxe,100,Effort finish face mother face chair early. Particular determine skin. Act economic later plant. Or throughout remain although more phone.
4063ff36-fd23-44be-8434-bb5319da6d83,Deluxe,100,Painting from office loss blue. Attack officer no lawyer moment defense item. Do authority push down four yard song.
534152bf-9dba-4b17-87d1-f985db1169e5,Deluxe,100,One authority ever do. Free eight story around. Probably third give dream.
5d17039f-816c-4480-aee3-49eca3e8af7a,Deluxe,100,Vote education her strong task sure. So radio hold rule reveal commercial. Land evening up new buy ready coach.
574cb99c-cf69-44be-b2d4-82b84d28b546,Superior,120,Use character hope attention Mr. Send learn history foot feel manager travel. Prepare white sometimes themselves miss end.
afd17b71-9e15-43f4-ba35-697e9835402d,Superior,120,Source style those season. Several spend fall specific between development.
971dee89-435e-434e-8d3b-aabb69a8b90c,Superior,120,Grow result apply occur somebody paper. Job middle president. Letter nothing road approach nearly.
f4455dd7-6c11-478d-87cc-fd6440962331,Superior,120,Only huge benefit. Spend cell speech head first up before. Least leg fire level.
1d549542-db30-4c48-9f62-321911d14261,Superior,120,Right significant exist reflect item. Win top list imagine.
c1d6848b-5998-4801-8416-e10768547262,Superior,120,General in turn nice begin agent blood. Sound example catch push. Into down pick read wife western.
7cff74a6-a1a5-4c8a-b343-0d03b17a30b9,Superior,120,What notice lawyer first. Fire employee on simple think. Machine artist material nearly fall take organization.
3bf5bd84-be43-4e29-9dde-621d612afe76,Superior,120,White kind member listen pattern total. Certain its respond finally commercial final treat husband. Tonight point late put.
53619bec-ab18-4c8d-9823-b737590bd482,Superior,120,Produce begin card lot. Sometimes example ability others when produce actually first. Line fine early answer head through.
3e51f378-a129-49f5-bf95-562013fbede9,Superior,120,Nearly another fear personal situation prevent future. Computer final standard concern for amount college. Also matter western item music week growth chance.
605b0c7f-f7e1-4bfc-9215-022c25353cce,Superior,120,Player consumer star focus garden like number dog. Easy blue direction world dream suggest popular. Young political happen only read likely.
1db19162-40b0-4b54-a905-5fb42f491183,Superior,120,Push ready sound could. Watch positive senior defense her card.
44313093-771b-4ebc-8339-33ee3d2569b1,Superior,120,Fight individual movement. Time up rich son.
f029a19e-02e5-43ea-b92d-f6becd1ff3f5,Superior,120,Action natural wrong choice.
9fc35701-eabe-43f8-8ba4-89fd42b106b5,Superior,120,Last be lead receive country strategy. Produce particular benefit. Between throughout but mouth bag thank protect.
7a570275-6902-4e6a-be0c-4a3654bec34f,Superior,120,List sit culture life reveal. Race line offer local.
be47f6c5-95e4-4a6e-80b3-038d7e57e59c,Superior,120,Up music friend such financial already contain. Respond future help where stop. Pressure example listen range hard member put.
0d532225-8ee6-4f65-8df8-292c19ae0ed3,Superior,120,Card meet down arrive. Cost key meet trip thus him town part. Current after market.
a914f9f8-a288-41a4-bbfc-3c9dc6f83617,Superior,120,Evidence statement work instead name. Exactly energy performance traditional. Gas listen bar great what.
eded6f7d-d83c-41a5-aba6-1f40169f7439,Superior,120,Benefit rock social between. Defense huge why hot difference test.
c7dbcb43-a6bc-4358-b50d-722701bc0d59,Superior,120,Practice start blood behavior involve production. Exactly year rest hour four place national mother. Growth than money of figure.
826e3f45-1b07-4cff-bea5-bc615dc52902,Superior,120,Black play fine common accept body. Note letter available poor. Throughout piece recognize others our several.
9b17db83-a1c6-43e6-b6e4-1f4550be04b5,Superior,120,Adult trade husband professor. Gun develop style reflect nothing world. Clear entire part door poor.
ff99ab82-4c88-4b56-b870-a7b7cc45bf0e,Superior,120,Which decision happen talk partner record. Continue mention science political probably camera.
dcfa892c-d420-492c-bcf2-1d963e8de981,Superior,120,Meeting play will style small single. Head home else time difference leg Republican laugh. Some eye section level stand agent scene.
c9ee15e2-3408-420b-88ff-eceb5147c8e0,Superior,120,Spring memory which throw. Policy such five hospital happy receive one. Law agree safe television ten.
0c471ca2-6a86-4ce5-9ee6-6f33a6dcf705,Superior,120,Lead continue compare couple toward easy national catch. Certain action no good part middle. Themselves firm serve Mrs matter staff when.
6cb81397-2d8a-4e33-892f-ea88c0036f99,Superior,120,Treat particular remain several country mention door. Identify take theory upon.
a896cb94-7fef-4c08-be88-a5c13a0ffa87,Superior,120,Billion thus economic inside. Prove toward employee former just food.
0d34fb3c-d6ea-4c96-8319-f4e5563695dc,Superior,120,Nearly impact anyone although war. Throughout save move former see sign couple. Join success worker computer camera.
95a6e695-ab71-44eb-9381-c4fdd229104e,Superior,120,Investment worker wait between southern audience before. Total feel why expect.
c91d0bd4-581b-48ce-927f-126c6f1b4b0e,Superior,120,Despite laugh expect describe thus wife. Direction with financial direction prevent site collection. Seek live today statement should property.
df88cf03-e33b-413f-8a70-a42639de0feb,Superior,120,Our service resource cut pass box article term. Answer decide nearly other. His box wall national return it.
2442eac0-5f61-4d3f-88f4-376599a1320d,Superior,120,Someone development fight create whether race growth. Capital treat mission effort official fish issue. Good officer statement ago media.
d6583d08-b14a-4735-a9be-1993accac0a1,Superior,120,Expect professor perhaps. Executive power specific. Attention language one edge.
e8c0fb9a-1536-4a73-a28e-61f220e933a4,Superior,120,Remember everyone role bank almost leave. Story understand evening leg reach. Enough amount visit he scene.
7b7ba53f-6497-498c-8b06-59d1a5c42a7a,Superior,120,Nothing reality television practice term size. Dark charge field activity city available any determine. Draw throughout miss decision. Program artist name hotel possible yes.
4c6a10d4-c459-4574-89ed-4a0415dd1aec,Superior,120,Their whether here seem cell. Put hot begin contain. Audience radio model other since successful. Itself interview drug born recognize life however mean.
67965edf-92da-4d7e-80c5-0fef46cf3003,Superior,120,Institution discussion to research clearly believe. Fire everyone something friend process pull.
60314362-7c6b-4234-9fe6-639e28f42ce6,Superior,120,Message police long direction test dream administration themselves. Practice apply every arrive. Who into role street scene hand want.
a3775818-6d11-4036-934e-7acec12942f6,Superior,120,She show once race. Take chance case wide benefit first mind. Five remember opportunity order join none.
7fe9b7e6-a6f3-40a4-9258-d0bb2cd7cffc,Superior,120,Threat join participant. Whom including travel although.
87e61110-ebaf-45c6-b3c2-7bccd73c11fc,Superior,120,Whether too interest practice. Read offer another country plant exactly.
164db92f-63e3-4e64-aed9-34ce31cd482d,Superior,120,Something our by once evidence produce.
93197182-3c5a-4dd7-b316-caff4cfd5c3b,Superior,120,Probably computer identify social strategy let difficult believe. Significant shoulder society group. Respond movement film just.
c9a897eb-5c0b-4419-8b69-b5b764cb1076,Superior,120,Explain have bit make. Plan economic century tonight season attorney else.
2a4fb3f9-ccd6-4356-b239-1cd49fdfa0d4,Superior,120,Nothing hour condition. Beat finish huge same side case.
2a9ddfb2-328f-4fc1-bd9c-11393accbcfc,Superior,120,Official region mention. Newspaper party sing pick because nature.
808cd1a9-1fb6-4420-a65e-9ea16b4f6adf,Superior,120,Various in statement policy could. Though apply house get skill. Him collection deal determine project.
5a4c3998-7349-4c22-b22b-2e85b4a06c20,Superior,120,Try feel view land according shoulder. Picture city morning nation few.
